no,id,password,name,email,point
1,VRIdflpkE686,QzCp4vb=&yzFzN8,심임송,Yvyet4PliyrJ@daum.net,1000
2,gPJBOjqbovM,PG^0J=UUf5aa,허유최,mdTbLMRlTpRP@daum.net,1000
3,7VBmUgqjEpQd,mJf%6I)kgr,서심손,5IT0gC0@naver.com,1000
4,3TTFL1Chr10B6IR,P+la7^_tY32P0g^,서한윤,1d276oz5kHjC1@daum.net,1000
5,107QVb2jpT6r,IVL0l#ka,류한전,CtdK109o@naver.com,1000
6,mvlVlKQH,6UnQ0)(,문임오,MfIfmCQG9o@naver.com,1000
7,fVn1e0nYcBmGaB,g_&I9k%,한문배,jHYmzgZpNTTC@naver.com,1000
8,V1KaKIDQCa9,L04gzvN1G@,하오유,10d1p0NHeMjz@naver.com,1000
9,zdOEm0vdr,Pe*10Yuv)6NunTG,손송백,ClkclCIrM4rNtM@gmail.com,1000
10,0aDTtzqJa0KHP5,IU!ijye0710,전최심,O0mbmrQ5@daum.net,1000
11,2vbInHo0fGDLjj,kJD1PT5V2fn,오조황,gEE3EkVKO51@daum.net,1000
12,qydV38yuLvtNJ,$#cnOu5k&V,임양홍,ht10jKVOM@naver.com,1000
13,tUlzRej,5kDcqbICKJ%$=,진최,ehqEQGJTR4a@naver.com,1000
14,3NaZPRjNbGRU,g+mb++uH9$P(y,강유양,oKNPqOmYHvuycyZ@naver.com,1000
15,3cEN1cBi,ZQd)aK0MGc=Hf*,서한배,KkY10PByHiIaNN@naver.com,1000
16,auhtIp8PKmH,7mRy1IIyz10,최강홍,pz810bCMh@naver.com,1000
17,zGUUuL4eckn4Lt,LiUOGe2dv,장백강,2V7HKpUEPJ@naver.com,1000
18,10ByonKlYO1,%Vd#0Yqz^P,구정권,6CcTBoK3@daum.net,1000
19,u431mf4IB0ePiN,)ononyo@Q*gNB,진손최,crDmkiaQ@naver.com,1000
20,hPDyr788,n7DEPR_GI,서정심,G82yQj27dLO917@daum.net,1000
21,NEcpqJhM7,@mC^kl)B$a=Nd,강최고,3euD69zbd@daum.net,1000
22,Vn0Zfad9,&Z3kt$^u,박허문,NtadDVVQ5ej200@naver.com,1000
23,2t6tDmQcc2UBuG,uc@r%$eg16LQ,배송안,ue26auyoIn105i@gmail.com,1000
24,JZ0Runju0,2zJ6%kU^*,정임홍,TTz4hECjkrJtz@daum.net,1000
25,4EC6D0RF15pzYmg,2BIc@&5b#z%,오임서,Km3dRtotR@gmail.com,1000
26,P1DhITDgQg8e,2y7Rh=dImF(b49,성임하,2iBYV9fhf6@gmail.com,1000
27,eai8BLUnq105p,&QgV$Op5OJn@FfE,권정허,Tcjt8zT9zHD@daum.net,1000
28,Z1CMYcFgnV1FIy,PI6Em7h%,구신배,3te5CphULc@naver.com,1000
29,333rjtlnu3U,Vi&DJpH_,신정최,GmibOk91JEQ10@naver.com,1000
30,ltH1klvp,LnZ$qhjIZq,진노권,gZE6ypmRHFYgiPu@daum.net,1000
31,CFR2rFF,#KFHj^(&Lqm5p(,문배,dYa79z1JotbYpeC@gmail.com,1000
32,3n8U785gchdNb,aDMJRim_c,고배서,BIv00Hh2Ir@daum.net,1000
33,ru0H2GNI,P7hYjn3_uK,윤노조,kh7mrKigdcyR4@naver.com,1000
34,m2EkBz8V2EH,d+*=aj7_1,전홍허,FBbRrMgiITF0iu@gmail.com,1000
35,Q5zhufqerfZYz,*Ey!=VnJ3ph8,구오문,LJgvDc1CC@naver.com,1000
36,kpFD899vkEb4niE,1iBuauOfftO,윤양고,UyiuMTqf78jE@naver.com,1000
37,d1oyYrQb,h5eq#ZaPp4,최조조,Ngezvt7TvCmjyPq@naver.com,1000
38,mER6nKy9Q,IKOMnLM(^B,노하최,M5aYLTjep4dz6uf@naver.com,1000
39,KYI33CiyHMRc,3vKVcR_3E10C$vc,하오조,yTgHUBlkkB4@gmail.com,1000
40,6Y3yriu0k5Oi,C^PM#mD#=I(#oRQ,류송,elmIPM81@daum.net,1000
41,Yi6Kt9K,dk&mReZj44,신백서,hQkJ10VmMM5@gmail.com,1000
42,UrCVadly1yD,t^c10g#+Z#4v+(l,노전안,KtQK4fTBdJZzR98@naver.com,1000
43,aI9jcaneFv2vpF,6(@0T3)Pyj,강송,TTGmQ8jboYgBvo5@daum.net,1000
44,tzhJGDUFRDG,zPFF)dr&rBv,차손,C1jHd0C@gmail.com,1000
45,gGbcVo22qO49gk,F5o6PK9,심홍하,EOLKmDNqv@naver.com,1000
46,dz8tH1f0NokajY,c8iBYMO,하안조,4g4cukIoCT757o@daum.net,1000
47,mUyJ4CNfFyQcLka,_egC4z#G*&,진노양,Y8VkBp2N7zPTh@naver.com,1000
48,P2107pMKHOF2i,mZ%heFJ(+%tHkhp,진권양,lZGOrrbRUfu@gmail.com,1000
49,OoiiE10M1n,^O0=oFPJGeyL4p,조심양,GNvIPEBo7fOEjH@naver.com,1000
50,UGMMe83RickzHu,GlN7TEpi_jO$%,진정고,2dY6trDG8uGOP@naver.com,1000
51,tlvPk2IjfLjgni,rFJ*Nk10ii,윤문박,rDcQMPubIgZ@daum.net,1000
52,QOoKPFmt1Y,gjK7KJ&Vvc,남정,757KQcEn@gmail.com,1000
53,9oONdDaq1u7QkD,if9Z@NgQeT10n,박허박,6yHMTOY0YE1@daum.net,1000
54,OYHoyjB10ed0Zuz,MR^!q%m^lYN_,심송황,fL7Ea10ok10D10@naver.com,1000
55,J6RRHlar10PlDae,Kq0bt&unF(rY!,황허최,Ph08pZPLMtz@daum.net,1000
56,DezrPoy2zjpE,i4om_OKaLzqQ4,주홍심,ImmtefkfB10n@gmail.com,1000
57,e1KBvPUtm,Qhv^JZqID3,신박조,oCkN0oPujHp@naver.com,1000
58,uVHDbRq0EqCm1,TQO#8rPci#0nV,서양하,f2HE8GftptvD@naver.com,1000
59,lMg8vtfOU,^dr_uZbDlg7QK,차최하,uTLPL60qqMVj2@gmail.com,1000
60,enUkeUjJzrtfH,h&Bm(h9JgZ!J,나배배,LU6ICL953@gmail.com,1000
61,87BNBgaFBizz,mC5Uh2(nif,오황한,DpIHQGatDKCYp@gmail.com,1000
62,BbFr3jv,eyYhvNCh83,임홍신,HpkVYUZDGIzQo5@daum.net,1000
63,3F1y10eZ8gDdg,rb1@Lm6_4,정남,ye9kO4HT@gmail.com,1000
64,Yo2fb93,M8lIcY%(R,민남강,TDtaDFLL1jf5@daum.net,1000
65,3b9iHC88Z,10gopc+hrL,황심오,Vu22qIuvLHYOfeM@daum.net,1000
66,iDmmPrr7,2IIB@#(K,정전윤,8ThE100@daum.net,1000
67,tVO91gQTYvmMvi4,E%)!pHj,전고한,3CIiCK7g@naver.com,1000
68,nlV8pJGVke,601a&O8z^KO%%,권황손,v615HYj@naver.com,1000
69,jk7pjkC,KbG10mgUbR,성오임,euLCjry2dpD@naver.com,1000
70,zjaVg0qQu,17tJBkKU+n!cT(Z,신박최,foC0k9NEhGCa7TE@daum.net,1000
71,EP9I2d7j821013,Ujzmo8OcJFC1,최권남,bM0iMjFi8Kf4iQe@gmail.com,1000
72,N6MieZm,e=DQhozKU$(rB,심안문,eF5jpr37zgL@daum.net,1000
73,fOOdptbRj6,#vn06(4,우강정,8uQQbZRycdNP6e@daum.net,1000
74,i1cnQRqgi,@z)n419LtJ,차양정,CYgQIUu@daum.net,1000
75,Qgb1VZdLuY,ad!zqmvGym8&qIY,곽임홍,GJ4vlKz0Claj@gmail.com,1000
76,bmJThGUL10ONG,NEC#Zl^lBk,송서배,B8c1aOKr@daum.net,1000
77,7bJKKJCQf5huY,Nn+uNu0BVNhGD!,유홍홍,ez58ZfiE@daum.net,1000
78,TbQRLnq,2qhgTBG010qHc,손정강,o4UaotR4@daum.net,1000
79,f1PR14vZb3gDJ,i(M#k2Zc54Kt&p,윤장권,2bv5O507FE@naver.com,1000
80,Q1eDKYV4k,O_(L7ptN8I@8d,한황노,nDF6eefgbNj@naver.com,1000
81,KDThVq10a2E,@ejgQd6b8=4,신남유,KEizFQQhg@daum.net,1000
82,FUZF6Omh9vbfZib,^OmBa%C_OaMQ,홍이임,MdnHqQDcckYTiM@gmail.com,1000
83,D4o51ro6qii,4Pem*%o,조심유,05ZVVBFTVdkLhO@naver.com,1000
84,dvbnEff5j7EjCO,9$(K#Q8,전허유,TqzcVRvpc@daum.net,1000
85,JRdhLnc,BV^3g$+OvBZTt,윤서이,O0L82bc3NvKRVB@daum.net,1000
86,jkUcr92LkG1,t1uY=Hrfv%@=,정안신,mQB0JMnJEC@naver.com,1000
87,ccCobi1m,e9@C@uIB5,성한임,ijDdl5OcieUMT8u@naver.com,1000
88,dmGqQfmcaiVZVi,FO67*NoR#pL&,문양오,KIUMVgCqn1OD0@daum.net,1000
89,HiJhznZItZv,uk8M+d__!qa,허조,j10BzJnQM5kap45@gmail.com,1000
90,ZVQuevO,5U__T@F)3Vlvf*,안안허,IhyOOH9PkPGJIk@gmail.com,1000
91,pMgz1012UFn21o,UF#+QJYk=bL,민배이,KytpL6P@daum.net,1000
92,rzLbzzM,i3ENE!tYRy_Q,조하손,ya3e452auLLm3@daum.net,1000
93,oaK4deb,Gejd0102@T,곽황전,jKPaGLUPtTij@gmail.com,1000
94,ZpU8Ek5d2U,hE#P&#q10K6NaU,백전조,6Eoaa4pGk@daum.net,1000
95,O8OpO210e2vhP0,dEeRmjh6l,안신노,09LDjPZ0@daum.net,1000
96,JIlJ2fJt1MGR0n,Evl4u*L,장손정,frfdRBH@naver.com,1000
97,pFUdZmCr,KF)(10a^r7KyqnZ,신최전,CuR63ip97cM@naver.com,1000
98,c0TvVfe,=Pznq0q@8,신손서,cqjlgPUH4MV@naver.com,1000
99,JPI5CeDl,NhL69OI)fR,유강조,9mi10zRByYfK@naver.com,1000
100,f10oeaVumhyj,&FIzpzmN38,주정강,kgKBrl8dej@gmail.com,1000
